,person,bicycle,car,motorcycle,bus,time
0,0,0,3,0,0,2019-08-06 11:16
1,0,0,6,0,0,2019-08-06 11:17
2,0,0,2,0,0,2019-08-06 11:18
3,0,0,2,0,0,2019-08-06 11:19
4,0,0,4,0,0,2019-08-06 11:20
5,0,0,5,0,0,2019-08-06 11:21
6,0,0,0,0,0,2019-08-06 11:22
7,0,0,4,0,0,2019-08-06 11:23
8,0,0,3,0,0,2019-08-06 11:24
9,0,0,4,0,0,2019-08-06 11:25
10,1,0,2,0,0,2019-08-06 11:26
11,0,0,4,0,0,2019-08-06 11:27
12,0,0,3,0,0,2019-08-06 11:28
13,0,0,2,0,1,2019-08-06 11:29
14,0,0,4,0,0,2019-08-06 11:30
15,0,0,2,0,0,2019-08-06 11:31
16,0,0,2,0,0,2019-08-06 11:32
17,0,0,5,0,0,2019-08-06 11:33
18,0,0,0,0,0,2019-08-06 11:34
19,0,0,3,0,0,2019-08-06 11:35
20,0,0,1,0,0,2019-08-06 11:36
21,0,0,1,0,0,2019-08-06 11:37
22,1,0,2,0,0,2019-08-06 11:38
23,0,0,0,0,0,2019-08-06 11:39
24,1,0,1,0,0,2019-08-06 11:40
25,0,0,4,0,0,2019-08-06 11:41
26,3,0,0,0,0,2019-08-06 11:42
27,1,0,0,0,0,2019-08-06 11:43
28,0,0,1,0,0,2019-08-06 11:44
29,3,0,0,0,0,2019-08-06 11:45
30,1,0,1,0,0,2019-08-06 11:46
31,0,0,1,0,0,2019-08-06 11:47
32,1,0,0,0,0,2019-08-06 11:48
33,1,0,0,0,0,2019-08-06 11:49
34,0,0,2,0,0,2019-08-06 11:50
35,1,0,0,0,0,2019-08-06 11:51
36,0,0,0,0,0,2019-08-06 11:52
37,0,0,0,0,0,2019-08-06 11:53
38,0,0,0,0,0,2019-08-06 11:54
39,0,0,0,0,0,2019-08-06 11:55
40,2,0,0,0,0,2019-08-06 11:56
41,0,0,0,0,0,2019-08-06 11:57
42,0,0,0,0,0,2019-08-06 11:58
43,0,0,0,0,0,2019-08-06 11:59
44,0,0,0,0,0,2019-08-06 12:00
45,1,0,0,0,0,2019-08-06 12:01
46,1,0,0,0,0,2019-08-06 12:02
47,1,0,0,0,0,2019-08-06 12:03
48,0,0,2,0,0,2019-08-06 12:04
49,2,0,2,0,0,2019-08-06 12:05
50,0,0,2,0,0,2019-08-06 12:06
51,1,0,1,0,0,2019-08-06 12:07
52,0,0,5,0,0,2019-08-06 12:08
53,0,0,1,0,0,2019-08-06 12:09
54,0,0,1,0,0,2019-08-06 12:10
55,0,0,1,0,0,2019-08-06 12:11
56,0,0,2,0,0,2019-08-06 12:12
57,0,0,2,0,0,2019-08-06 12:13
58,0,0,0,0,0,2019-08-06 12:14
59,0,0,0,0,0,2019-08-06 12:15
60,3,0,0,0,0,2019-08-06 12:16
61,0,0,0,0,0,2019-08-06 12:17
62,0,0,0,0,0,2019-08-06 12:18
63,0,0,0,0,0,2019-08-06 12:19
64,1,0,2,0,0,2019-08-06 12:20
65,0,0,4,0,0,2019-08-06 12:21
66,0,0,1,0,0,2019-08-06 12:22
67,0,0,1,0,0,2019-08-06 12:23
68,1,0,1,0,0,2019-08-06 12:24
69,1,0,0,0,0,2019-08-06 12:25
70,2,0,1,0,0,2019-08-06 12:26
71,2,0,0,0,0,2019-08-06 12:27
72,0,0,0,0,0,2019-08-06 12:28
73,0,0,0,0,0,2019-08-06 12:29
74,1,0,0,0,0,2019-08-06 12:30
75,2,0,0,0,0,2019-08-06 12:31
76,0,0,2,0,0,2019-08-06 12:32
77,1,0,3,0,0,2019-08-06 12:33
78,4,0,0,0,0,2019-08-06 12:34
79,0,0,2,0,0,2019-08-06 12:35
80,1,0,2,0,0,2019-08-06 12:36
81,1,0,1,0,0,2019-08-06 12:37
82,1,0,0,0,0,2019-08-06 12:38
83,0,0,4,0,0,2019-08-06 12:39
84,1,0,4,0,0,2019-08-06 12:40
85,0,0,4,0,0,2019-08-06 12:41
86,0,0,6,0,0,2019-08-06 12:42
87,0,0,1,0,0,2019-08-06 12:43
88,0,0,2,0,1,2019-08-06 12:44
89,0,0,1,0,0,2019-08-06 12:45
90,0,0,3,0,0,2019-08-06 12:46
91,0,0,2,0,0,2019-08-06 12:47
92,1,0,0,0,0,2019-08-06 12:48
93,2,0,3,0,0,2019-08-06 12:49
94,0,0,2,0,0,2019-08-06 12:50
95,0,0,4,0,0,2019-08-06 12:51
96,0,0,3,0,0,2019-08-06 12:52
97,1,1,0,0,0,2019-08-06 12:53
98,0,0,4,0,0,2019-08-06 12:54
99,0,0,0,0,0,2019-08-06 12:55
100,0,0,4,0,0,2019-08-06 12:56
101,0,0,4,0,0,2019-08-06 12:57
102,0,0,0,0,0,2019-08-06 12:58
103,0,0,3,0,0,2019-08-06 12:59
104,0,0,4,0,0,2019-08-06 13:00
105,0,0,1,0,0,2019-08-06 13:01
106,0,0,3,0,0,2019-08-06 13:02
107,0,0,2,0,0,2019-08-06 13:03
108,0,0,1,0,0,2019-08-06 13:04
109,1,0,4,0,0,2019-08-06 13:05
110,1,0,4,0,0,2019-08-06 13:06
111,1,0,0,0,0,2019-08-06 13:07
112,0,0,2,0,0,2019-08-06 13:08
113,0,0,2,0,0,2019-08-06 13:09
114,0,0,1,0,0,2019-08-06 13:10
115,0,0,2,0,1,2019-08-06 13:11
116,0,0,1,0,0,2019-08-06 13:12
117,0,0,2,0,0,2019-08-06 13:13
118,1,0,3,0,0,2019-08-06 13:14
119,0,0,4,0,0,2019-08-06 13:15
120,0,0,2,0,0,2019-08-06 13:16
121,0,0,6,0,0,2019-08-06 13:17
122,0,0,2,0,0,2019-08-06 13:18
123,0,0,1,0,0,2019-08-06 13:19
124,0,0,3,0,0,2019-08-06 13:20
125,0,0,3,0,0,2019-08-06 13:21
126,0,0,2,0,0,2019-08-06 13:22
127,0,0,3,0,0,2019-08-06 13:23
128,0,0,2,0,0,2019-08-06 13:24
129,0,0,2,0,0,2019-08-06 13:25
130,0,0,2,0,0,2019-08-06 13:26
131,0,0,4,0,0,2019-08-06 13:27
132,1,0,0,0,0,2019-08-06 13:28
133,1,0,1,0,0,2019-08-06 13:29
134,0,0,2,0,0,2019-08-06 13:30
135,0,0,2,0,0,2019-08-06 13:31
136,0,0,5,0,0,2019-08-06 13:32
137,0,0,3,0,0,2019-08-06 13:33
138,1,0,0,0,0,2019-08-06 13:34
139,0,0,1,0,0,2019-08-06 13:35
140,2,0,0,0,0,2019-08-06 13:36
141,1,0,0,0,0,2019-08-06 13:37
142,0,0,4,0,0,2019-08-06 13:38
143,0,0,0,0,0,2019-08-06 13:39
144,2,0,1,0,0,2019-08-06 13:40
145,0,0,1,0,0,2019-08-06 13:41
146,1,0,0,0,0,2019-08-06 13:42
147,4,0,0,0,0,2019-08-06 13:43
148,1,0,1,0,0,2019-08-06 13:45
149,2,0,0,0,0,2019-08-06 13:46
150,1,0,1,0,0,2019-08-06 13:47
151,0,0,4,0,0,2019-08-06 13:48
152,0,0,0,0,0,2019-08-06 13:49
153,0,0,0,0,0,2019-08-06 13:50
154,0,0,3,0,0,2019-08-06 13:51
155,1,0,0,0,0,2019-08-06 13:52
156,0,0,1,0,0,2019-08-06 13:53
157,0,0,1,0,0,2019-08-06 13:54
158,1,0,1,0,0,2019-08-06 13:55
159,1,0,0,0,0,2019-08-06 13:56
160,0,0,1,0,0,2019-08-06 13:57
161,0,0,1,0,0,2019-08-06 13:58
162,0,0,0,0,0,2019-08-06 13:59
163,0,0,0,0,0,2019-08-06 14:00
164,1,0,1,0,0,2019-08-06 14:01
165,1,0,0,0,0,2019-08-06 14:02
166,0,0,0,0,0,2019-08-06 14:03
167,0,0,0,0,0,2019-08-06 14:04
168,1,0,0,0,0,2019-08-06 14:05
169,0,0,1,0,0,2019-08-06 14:06
170,0,0,1,0,0,2019-08-06 14:07
171,0,0,1,0,0,2019-08-06 14:08
172,0,0,2,0,0,2019-08-06 14:09
173,1,0,0,0,0,2019-08-06 14:10
174,0,0,1,0,0,2019-08-06 14:11
175,1,0,0,0,0,2019-08-06 14:12
176,0,0,1,0,0,2019-08-06 14:13
177,1,0,1,0,0,2019-08-06 14:14
178,1,0,0,0,0,2019-08-06 14:15
179,0,0,1,0,0,2019-08-06 14:16
180,0,0,1,0,0,2019-08-06 14:17
181,0,0,2,0,0,2019-08-06 14:18
182,3,0,0,0,0,2019-08-06 14:19
183,1,0,1,0,0,2019-08-06 14:20
184,0,0,1,0,0,2019-08-06 14:21
185,1,0,2,0,0,2019-08-06 14:22
186,1,0,3,0,0,2019-08-06 14:23
187,0,0,1,0,0,2019-08-06 14:24
188,1,0,2,0,0,2019-08-06 14:25
189,0,0,1,0,0,2019-08-06 14:26
190,0,0,2,0,0,2019-08-06 14:27
191,0,0,1,0,0,2019-08-06 14:28
192,0,0,4,0,0,2019-08-06 14:29
193,0,0,0,0,0,2019-08-06 14:30
194,0,0,0,0,0,2019-08-06 14:31
195,0,0,4,0,0,2019-08-06 14:32
196,0,0,3,0,0,2019-08-06 14:33
197,0,0,1,0,0,2019-08-06 14:34
198,1,0,2,0,0,2019-08-06 14:35
199,0,0,5,0,0,2019-08-06 14:36
200,0,1,0,0,0,2019-08-06 14:37
201,0,0,3,0,0,2019-08-06 14:38
202,1,0,4,0,0,2019-08-06 14:39
203,0,0,0,0,0,2019-08-06 14:40
204,0,0,4,0,0,2019-08-06 14:41
205,0,0,2,0,0,2019-08-06 14:42
206,0,0,2,0,0,2019-08-06 14:43
207,0,0,0,0,0,2019-08-06 14:44
208,0,0,0,0,0,2019-08-06 14:45
209,1,0,0,0,0,2019-08-06 14:46
210,0,0,2,0,0,2019-08-06 14:47
211,0,0,2,0,0,2019-08-06 14:48
212,2,0,0,0,0,2019-08-06 14:49
213,1,0,0,0,0,2019-08-06 14:50
214,1,0,0,0,0,2019-08-06 14:51
215,0,0,0,0,0,2019-08-06 14:52
216,0,0,1,0,0,2019-08-06 14:53
217,0,0,0,0,0,2019-08-06 14:54
218,0,0,0,0,0,2019-08-06 14:55
219,1,0,2,0,0,2019-08-06 14:56
220,6,0,0,0,0,2019-08-06 14:57
221,0,0,0,0,0,2019-08-06 14:58
222,1,0,0,0,0,2019-08-06 14:59
223,2,0,0,0,0,2019-08-06 15:00
224,1,0,0,0,0,2019-08-06 15:01
225,0,0,2,0,0,2019-08-06 15:02
226,1,0,0,0,0,2019-08-06 15:03
227,0,0,0,0,0,2019-08-06 15:04
228,0,0,4,0,0,2019-08-06 15:05
229,0,0,0,0,0,2019-08-06 15:06
230,2,0,1,0,0,2019-08-06 15:07
231,0,0,2,0,0,2019-08-06 15:08
232,0,0,0,0,0,2019-08-06 15:09
233,3,0,0,0,0,2019-08-06 15:10
234,0,0,4,0,0,2019-08-06 15:11
235,0,0,0,0,0,2019-08-06 15:12
236,0,0,0,0,0,2019-08-06 15:13
237,0,0,5,0,0,2019-08-06 15:14
238,1,0,0,0,0,2019-08-06 15:15
239,0,0,2,0,0,2019-08-06 15:16
240,0,0,3,0,0,2019-08-06 15:17
241,1,0,0,0,0,2019-08-06 15:18
242,0,0,0,0,0,2019-08-06 15:19
243,1,0,0,0,0,2019-08-06 15:20
244,0,0,0,0,0,2019-08-06 15:21
245,1,0,1,0,0,2019-08-06 15:22
246,0,0,0,0,0,2019-08-06 15:23
247,0,0,0,0,0,2019-08-06 15:24
248,0,0,1,0,0,2019-08-06 15:25
249,2,0,0,0,0,2019-08-06 15:26
250,1,0,0,0,0,2019-08-06 15:27
251,0,0,0,0,0,2019-08-06 15:28
252,0,0,0,0,0,2019-08-06 15:29
253,1,0,1,0,0,2019-08-06 15:30
254,1,0,0,0,0,2019-08-06 15:31
255,1,0,0,0,0,2019-08-06 15:32
256,0,0,1,0,0,2019-08-06 15:33
257,0,0,1,0,0,2019-08-06 15:34
258,1,0,1,0,0,2019-08-06 15:35
259,0,0,1,0,0,2019-08-06 15:36
260,1,0,1,0,0,2019-08-06 15:37
261,0,0,1,0,0,2019-08-06 15:38
262,0,0,1,0,0,2019-08-06 15:39
263,1,0,2,0,0,2019-08-06 15:40
264,0,0,1,0,0,2019-08-06 15:41
265,0,0,2,0,0,2019-08-06 15:42
266,0,0,2,0,0,2019-08-06 15:43
267,0,0,1,0,0,2019-08-06 15:44
268,1,0,3,0,0,2019-08-06 15:45
269,2,0,1,0,0,2019-08-06 15:46
270,0,0,4,0,0,2019-08-06 15:47
271,0,0,4,0,0,2019-08-06 15:48
272,0,0,1,0,0,2019-08-06 15:49
273,0,0,5,0,0,2019-08-06 15:50
274,1,0,2,0,0,2019-08-06 15:51
275,0,0,2,0,0,2019-08-06 15:52
276,0,0,3,0,0,2019-08-06 15:53
277,3,0,1,0,0,2019-08-06 15:54
278,1,0,3,0,0,2019-08-06 15:55
279,0,0,4,0,0,2019-08-06 15:56
280,5,0,1,0,0,2019-08-06 15:57
281,0,0,3,0,0,2019-08-06 15:58
282,0,0,2,0,0,2019-08-06 15:59
283,0,0,2,0,0,2019-08-06 16:00
284,1,0,1,0,0,2019-08-06 16:01
285,0,0,4,0,0,2019-08-06 16:02
286,1,0,1,0,0,2019-08-06 16:03
287,0,0,2,0,0,2019-08-06 16:04
288,0,0,1,0,0,2019-08-06 16:05
289,0,0,1,0,0,2019-08-06 16:06
290,0,0,3,0,0,2019-08-06 16:07
291,1,0,4,0,0,2019-08-06 16:08
292,3,0,1,0,0,2019-08-06 16:09
293,1,0,4,0,0,2019-08-06 16:10
294,0,0,9,0,0,2019-08-06 16:11
295,0,0,5,0,0,2019-08-06 16:12
296,0,0,2,0,3,2019-08-06 16:13
297,0,0,5,0,1,2019-08-06 16:14
298,0,0,4,0,1,2019-08-06 16:15
299,1,0,3,0,2,2019-08-06 16:16
300,0,0,11,0,0,2019-08-06 16:17
301,1,0,4,0,0,2019-08-06 16:19
302,0,0,5,0,0,2019-08-06 16:20
303,0,0,7,0,0,2019-08-06 16:21
304,0,0,3,0,0,2019-08-06 16:22
305,0,0,0,0,1,2019-08-06 16:23
306,1,0,2,0,0,2019-08-06 16:24
307,0,0,6,0,1,2019-08-06 16:25
308,0,0,2,0,0,2019-08-06 16:26
309,0,0,4,0,2,2019-08-06 16:27
310,1,0,4,0,0,2019-08-06 16:28
311,0,0,3,0,2,2019-08-06 16:29
312,0,0,6,0,0,2019-08-06 16:30
313,0,0,5,0,0,2019-08-06 16:31
314,0,0,11,0,0,2019-08-06 16:32
315,0,0,6,0,0,2019-08-06 16:33
316,0,0,4,0,0,2019-08-06 16:34
317,0,0,2,0,1,2019-08-06 16:35
318,1,0,2,0,3,2019-08-06 16:36
319,0,0,5,0,0,2019-08-06 16:37
320,0,0,4,0,0,2019-08-06 16:38
321,0,0,4,0,1,2019-08-06 16:39
322,0,0,3,0,0,2019-08-06 16:40
323,0,0,2,0,0,2019-08-06 16:41
324,0,0,6,0,1,2019-08-06 16:42
325,0,0,2,0,1,2019-08-06 16:43
326,0,0,3,0,0,2019-08-06 16:44
327,0,0,8,0,0,2019-08-06 16:45
328,0,0,5,0,0,2019-08-06 16:46
329,0,0,3,0,0,2019-08-06 16:47
330,0,0,7,0,0,2019-08-06 16:48
331,0,0,7,0,0,2019-08-06 16:49
332,1,0,4,0,0,2019-08-06 16:50
333,0,0,7,0,0,2019-08-06 16:51
334,0,0,4,0,0,2019-08-06 16:52
335,0,0,5,0,0,2019-08-06 16:53
336,0,0,3,0,0,2019-08-06 16:54
337,0,0,6,0,0,2019-08-06 16:55
338,0,0,3,0,0,2019-08-06 16:56
339,0,0,3,0,0,2019-08-06 16:57
340,0,0,2,0,0,2019-08-06 16:58
341,0,0,4,0,1,2019-08-06 16:59
342,0,0,7,0,0,2019-08-06 17:00
343,0,0,3,0,0,2019-08-06 17:01
344,0,0,2,0,1,2019-08-06 17:02
345,1,0,4,0,0,2019-08-06 17:03
346,0,0,0,0,1,2019-08-06 17:04
347,0,0,2,0,0,2019-08-06 17:05
348,1,0,0,0,0,2019-08-06 17:06
349,0,0,4,0,0,2019-08-06 17:07
350,0,0,3,0,0,2019-08-06 17:08
351,1,0,3,0,0,2019-08-06 17:09
352,1,0,0,0,0,2019-08-06 17:10
353,0,0,3,0,0,2019-08-06 17:11
354,0,0,1,0,0,2019-08-06 17:12
355,0,0,5,0,0,2019-08-06 17:13
356,0,0,5,0,0,2019-08-06 17:14
357,0,0,5,0,0,2019-08-06 17:15
358,0,0,6,0,0,2019-08-06 17:16
359,0,0,8,0,0,2019-08-06 17:17
360,0,0,5,0,1,2019-08-06 17:18
361,0,0,2,0,1,2019-08-06 17:19
362,0,0,2,0,0,2019-08-06 17:20
363,1,0,2,0,0,2019-08-06 17:21
364,0,0,6,0,0,2019-08-06 17:22
365,0,0,5,0,0,2019-08-06 17:23
366,0,0,2,0,0,2019-08-06 17:24
367,0,0,4,0,1,2019-08-06 17:25
368,1,0,3,0,1,2019-08-06 17:26
369,0,0,0,0,1,2019-08-06 17:27
370,1,0,4,0,0,2019-08-06 17:28
371,1,0,4,0,0,2019-08-06 17:29
372,0,0,0,0,0,2019-08-06 17:30
373,0,0,6,0,0,2019-08-06 17:31
374,0,0,2,0,0,2019-08-06 17:32
375,0,0,2,0,1,2019-08-06 17:33
376,0,0,3,0,0,2019-08-06 17:34
377,0,0,3,0,0,2019-08-06 17:35
378,0,0,3,0,0,2019-08-06 17:36
379,0,0,1,0,0,2019-08-06 17:37
380,1,0,0,0,0,2019-08-06 17:38
381,0,0,5,0,0,2019-08-06 17:39
382,0,0,4,0,0,2019-08-06 17:40
383,1,0,2,0,0,2019-08-06 17:41
384,0,0,0,0,1,2019-08-06 17:42
385,0,0,3,0,1,2019-08-06 17:43
386,1,0,1,0,0,2019-08-06 17:44
387,0,0,1,0,0,2019-08-06 17:45
388,1,0,0,0,0,2019-08-06 17:46
389,0,0,2,0,0,2019-08-06 17:47
390,1,0,2,0,0,2019-08-06 17:48
391,1,0,1,0,0,2019-08-06 17:49
392,0,0,1,0,0,2019-08-06 17:50
393,0,0,2,0,0,2019-08-06 17:51
394,0,0,1,0,0,2019-08-06 17:52
395,0,0,4,0,0,2019-08-06 17:53
396,0,0,1,0,0,2019-08-06 17:54
397,0,0,1,0,0,2019-08-06 17:55
398,0,0,1,0,0,2019-08-06 17:56
399,0,0,1,0,0,2019-08-06 17:57
400,0,0,3,0,0,2019-08-06 17:58
401,0,0,1,0,0,2019-08-06 17:59
402,2,0,1,0,0,2019-08-06 18:00
403,0,0,1,0,0,2019-08-06 18:01
404,1,0,3,0,0,2019-08-06 18:02
405,0,0,3,0,0,2019-08-06 18:03
406,0,0,2,0,0,2019-08-06 18:04
407,0,0,2,0,0,2019-08-06 18:05
408,1,0,1,0,0,2019-08-06 18:06
409,0,0,3,0,0,2019-08-06 18:07
410,0,0,2,0,0,2019-08-06 18:08
411,1,0,2,0,0,2019-08-06 18:09
412,1,0,2,0,0,2019-08-06 18:10
413,0,0,3,0,0,2019-08-06 18:11
414,0,0,2,0,0,2019-08-06 18:12
415,0,0,4,0,0,2019-08-06 18:13
416,0,0,5,0,0,2019-08-06 18:14
417,1,0,2,0,0,2019-08-06 18:15
418,0,0,3,0,0,2019-08-06 18:16
419,1,0,4,0,0,2019-08-06 18:17
420,1,0,2,0,0,2019-08-06 18:18
421,1,0,6,0,0,2019-08-06 18:19
422,0,0,5,0,0,2019-08-06 18:20
423,1,0,2,0,0,2019-08-06 18:21
424,1,0,4,0,0,2019-08-06 18:22
425,0,0,4,0,0,2019-08-06 18:23
426,1,0,2,0,0,2019-08-06 18:24
427,0,0,4,0,1,2019-08-06 18:25
428,0,0,4,0,0,2019-08-06 18:26
429,2,0,2,0,0,2019-08-06 18:27
430,0,0,2,0,0,2019-08-06 18:28
431,0,0,6,0,0,2019-08-06 18:29
432,0,0,3,0,0,2019-08-06 18:30
433,2,0,1,0,0,2019-08-06 18:31
434,0,0,1,0,0,2019-08-06 18:32
435,0,0,6,0,0,2019-08-06 18:33
436,0,0,1,0,0,2019-08-06 18:34
437,0,0,2,0,0,2019-08-06 18:35
438,0,0,5,0,0,2019-08-06 18:36
439,0,0,1,0,0,2019-08-06 18:37
440,0,0,2,0,0,2019-08-06 18:38
441,0,0,3,0,0,2019-08-06 18:39
442,1,0,3,0,0,2019-08-06 18:40
443,0,0,4,0,0,2019-08-06 18:41
444,0,0,1,0,0,2019-08-06 18:42
445,0,0,3,0,0,2019-08-06 18:43
446,0,0,3,0,0,2019-08-06 18:44
447,0,0,1,0,0,2019-08-06 18:45
448,0,0,1,0,0,2019-08-06 18:46
449,0,0,3,0,0,2019-08-06 18:47
450,0,0,2,0,0,2019-08-06 18:48
451,0,0,1,0,0,2019-08-06 18:49
452,0,0,3,0,0,2019-08-06 18:50
453,0,0,1,0,0,2019-08-06 18:51
454,2,0,1,0,0,2019-08-06 18:52
455,0,0,1,0,0,2019-08-06 18:53
456,2,0,1,0,0,2019-08-06 18:54
457,0,0,1,0,0,2019-08-06 18:55
458,0,0,1,0,0,2019-08-06 18:56
459,1,0,2,0,0,2019-08-06 18:57
460,1,0,0,0,0,2019-08-06 18:58
461,0,0,1,0,0,2019-08-06 18:59
462,1,0,1,0,0,2019-08-06 19:00
463,0,0,1,0,0,2019-08-06 19:01
464,0,0,2,0,0,2019-08-06 19:02
465,0,0,4,0,0,2019-08-06 19:03
466,1,0,1,0,0,2019-08-06 19:04
467,0,0,1,0,0,2019-08-06 19:05
468,2,0,1,0,0,2019-08-06 19:06
469,0,0,1,0,0,2019-08-06 19:07
470,0,0,2,0,0,2019-08-06 19:08
471,0,0,1,0,0,2019-08-06 19:09
472,0,0,2,0,0,2019-08-06 19:10
473,0,0,2,0,0,2019-08-06 19:11
474,0,0,2,0,0,2019-08-06 19:12
475,3,0,1,0,0,2019-08-06 19:13
476,0,0,3,0,0,2019-08-06 19:14
477,0,0,2,0,0,2019-08-06 19:15
478,0,0,3,0,0,2019-08-06 19:16
479,0,0,2,0,0,2019-08-06 19:17
480,0,0,2,0,0,2019-08-06 19:18
481,0,0,2,0,0,2019-08-06 19:19
482,0,0,2,0,0,2019-08-06 19:20
483,0,0,5,0,0,2019-08-06 19:21
484,0,0,1,0,0,2019-08-06 19:22
485,0,0,2,0,0,2019-08-06 19:23
486,0,0,3,0,0,2019-08-06 19:24
487,0,0,1,0,0,2019-08-06 19:25
488,0,0,3,0,0,2019-08-06 19:26
489,0,0,1,0,0,2019-08-06 19:27
490,0,0,1,0,0,2019-08-06 19:28
491,0,0,1,0,0,2019-08-06 19:29
492,0,0,1,0,0,2019-08-06 19:30
493,1,0,0,0,0,2019-08-06 19:31
494,0,0,1,0,0,2019-08-06 19:32
495,0,0,0,0,0,2019-08-06 19:33
496,0,0,0,0,0,2019-08-06 19:34
497,0,0,1,0,0,2019-08-06 19:35
498,0,0,1,0,0,2019-08-06 19:36
499,0,0,2,0,0,2019-08-06 19:37
500,0,0,0,0,0,2019-08-06 19:38
501,1,0,1,0,0,2019-08-06 19:39
502,0,0,1,0,0,2019-08-06 19:40
503,0,0,4,0,0,2019-08-06 19:41
504,0,0,1,0,0,2019-08-06 19:42
505,0,0,0,0,0,2019-08-06 19:43
506,0,0,1,0,0,2019-08-06 19:44
507,0,0,2,0,0,2019-08-06 19:45
508,1,0,1,0,0,2019-08-06 19:46
509,0,0,2,0,0,2019-08-06 19:47
510,0,0,4,0,0,2019-08-06 19:48
511,0,0,2,0,0,2019-08-06 19:49
512,0,0,1,0,0,2019-08-06 19:50
513,0,0,3,0,0,2019-08-06 19:51
514,0,0,1,0,0,2019-08-06 19:52
515,0,0,1,0,0,2019-08-06 19:53
516,1,0,1,0,0,2019-08-06 19:54
517,0,0,1,0,0,2019-08-06 19:55
518,0,0,1,0,0,2019-08-06 19:56
519,1,0,1,0,0,2019-08-06 19:57
520,0,0,1,0,0,2019-08-06 19:58
521,0,0,1,0,0,2019-08-06 19:59
522,0,0,1,0,0,2019-08-06 20:00
523,1,0,2,0,0,2019-08-06 20:01
524,0,0,1,0,0,2019-08-06 20:02
525,0,0,2,0,0,2019-08-06 20:03
526,0,0,2,0,0,2019-08-06 20:04
527,0,0,1,0,0,2019-08-06 20:05
528,0,0,1,0,0,2019-08-06 20:06
529,1,0,1,0,0,2019-08-06 20:07
530,0,0,1,0,0,2019-08-06 20:08
531,0,0,1,0,0,2019-08-06 20:09
532,0,0,1,0,0,2019-08-06 20:10
533,0,0,2,0,0,2019-08-06 20:11
534,0,0,2,0,0,2019-08-06 20:12
535,0,0,2,0,0,2019-08-06 20:13
536,0,0,3,0,0,2019-08-06 20:14
537,0,0,3,0,0,2019-08-06 20:15
538,0,0,2,0,0,2019-08-06 20:16
539,0,0,5,0,0,2019-08-06 20:17
540,1,0,2,0,0,2019-08-06 20:18
541,0,0,2,0,0,2019-08-06 20:19
542,0,0,2,0,0,2019-08-06 20:20
543,0,0,3,0,0,2019-08-06 20:21
544,0,0,1,0,0,2019-08-06 20:22
545,0,0,5,0,0,2019-08-06 20:23
546,0,0,2,0,0,2019-08-06 20:24
547,0,0,2,0,0,2019-08-06 20:25
548,0,0,2,0,0,2019-08-06 20:26
549,0,0,2,0,0,2019-08-06 20:27
550,0,0,2,0,0,2019-08-06 20:28
551,0,0,5,0,0,2019-08-06 20:29
552,0,0,3,0,0,2019-08-06 20:30
553,0,0,2,0,0,2019-08-06 20:31
554,0,0,2,0,0,2019-08-06 20:32
555,0,0,3,0,0,2019-08-06 20:33
556,0,0,2,0,0,2019-08-06 20:34
557,1,0,2,0,0,2019-08-06 20:35
558,0,0,2,0,0,2019-08-06 20:36
559,0,0,1,0,0,2019-08-06 20:37
560,0,0,2,0,0,2019-08-06 20:38
561,0,0,2,0,0,2019-08-06 20:39
562,0,0,1,0,0,2019-08-06 20:40
563,0,0,2,0,0,2019-08-06 20:41
564,0,0,1,0,0,2019-08-06 20:42
565,0,0,1,0,0,2019-08-06 20:43
566,0,0,3,0,0,2019-08-06 20:44
567,0,0,1,0,0,2019-08-06 20:45
568,0,0,1,0,0,2019-08-06 20:46
569,0,0,2,0,0,2019-08-06 20:47
570,0,0,4,0,0,2019-08-06 20:49
571,0,0,3,0,0,2019-08-06 20:50
572,0,0,4,0,0,2019-08-06 20:51
573,0,0,4,0,0,2019-08-06 20:52
574,0,0,4,0,0,2019-08-06 20:53
575,0,0,1,0,0,2019-08-06 20:54
576,1,0,1,0,0,2019-08-06 20:55
577,0,0,3,0,0,2019-08-06 20:56
578,0,0,4,0,0,2019-08-06 20:57
579,0,0,1,0,0,2019-08-06 20:58
580,0,0,3,0,0,2019-08-06 20:59
581,1,0,2,0,0,2019-08-06 21:00
582,0,0,2,0,0,2019-08-06 21:01
583,1,0,1,0,0,2019-08-06 21:02
584,0,0,4,0,0,2019-08-06 21:03
585,0,0,1,0,0,2019-08-06 21:04
586,0,0,1,0,0,2019-08-06 21:05
587,0,0,1,0,0,2019-08-06 21:06
588,0,0,1,0,0,2019-08-06 21:07
589,0,0,2,0,0,2019-08-06 21:08
590,1,0,4,0,0,2019-08-06 21:09
591,0,0,3,0,0,2019-08-06 21:10
592,1,0,3,0,0,2019-08-06 21:11
593,0,0,4,0,0,2019-08-06 21:12
594,0,0,2,0,0,2019-08-06 21:13
595,0,0,4,0,0,2019-08-06 21:14
596,0,0,3,0,0,2019-08-06 21:15
597,0,0,2,0,0,2019-08-06 21:16
598,0,0,2,0,0,2019-08-06 21:17
599,0,0,3,0,0,2019-08-06 21:18
600,0,0,1,0,0,2019-08-06 21:19
601,0,0,3,0,0,2019-08-06 21:20
602,0,0,3,0,0,2019-08-06 21:21
603,0,0,2,0,0,2019-08-06 21:22
604,0,0,1,0,0,2019-08-06 21:23
605,0,0,1,0,0,2019-08-06 21:24
606,0,0,0,0,0,2019-08-06 21:25
607,0,0,3,0,0,2019-08-06 21:26
608,0,0,3,0,0,2019-08-06 21:27
609,0,0,3,0,0,2019-08-06 21:28
610,0,0,1,0,0,2019-08-06 21:29
611,0,0,3,0,0,2019-08-06 21:30
612,0,0,0,0,0,2019-08-06 21:31
613,0,0,2,0,0,2019-08-06 21:32
614,0,0,0,0,0,2019-08-06 21:33
615,0,0,0,0,0,2019-08-06 21:34
616,0,0,2,0,0,2019-08-06 21:35
617,0,0,2,0,0,2019-08-06 21:36
618,0,0,1,0,0,2019-08-06 21:37
619,0,0,1,0,0,2019-08-06 21:38
620,0,0,1,0,0,2019-08-06 21:39
621,0,0,1,0,0,2019-08-06 21:40
622,0,0,0,0,0,2019-08-06 21:41
623,0,0,2,0,0,2019-08-06 21:42
624,0,0,1,0,0,2019-08-06 21:43
625,0,0,2,0,0,2019-08-06 21:44
626,0,0,0,0,0,2019-08-06 21:45
627,0,0,1,0,0,2019-08-06 21:46
628,0,0,1,0,0,2019-08-06 21:47
629,0,0,1,0,0,2019-08-06 21:48
630,0,0,0,0,0,2019-08-06 21:49
631,0,0,0,0,0,2019-08-06 21:50
632,0,0,2,0,0,2019-08-06 21:51
633,0,0,1,0,0,2019-08-06 21:52
634,0,0,3,0,0,2019-08-06 21:53
635,0,0,2,0,0,2019-08-06 21:54
636,0,0,2,0,0,2019-08-06 21:55
637,0,0,2,0,0,2019-08-06 21:56
638,0,0,1,0,0,2019-08-06 21:57
639,0,0,4,0,0,2019-08-06 21:58
640,0,0,1,0,0,2019-08-06 21:59
641,0,0,1,0,0,2019-08-06 22:00
642,0,0,1,0,0,2019-08-06 22:01
643,0,0,2,0,0,2019-08-06 22:02
644,0,0,0,0,0,2019-08-06 22:03
645,0,0,0,0,0,2019-08-06 22:04
646,0,0,0,0,0,2019-08-06 22:05
647,0,0,0,0,0,2019-08-06 22:06
648,0,0,0,0,0,2019-08-06 22:07
649,0,0,1,0,0,2019-08-06 22:08
650,0,0,2,0,0,2019-08-06 22:09
651,1,0,0,0,0,2019-08-06 22:10
652,0,0,2,0,0,2019-08-06 22:11
653,0,0,5,0,0,2019-08-06 22:12
654,0,0,1,0,0,2019-08-06 22:13
655,1,0,2,0,0,2019-08-06 22:14
656,0,0,2,0,0,2019-08-06 22:15
657,0,0,2,0,0,2019-08-06 22:16
658,0,0,2,0,0,2019-08-06 22:17
659,0,0,4,0,0,2019-08-06 22:18
660,0,0,1,0,0,2019-08-06 22:19
661,0,0,1,0,0,2019-08-06 22:20
662,0,0,3,0,0,2019-08-06 22:21
663,0,0,1,0,0,2019-08-06 22:22
664,0,0,0,0,0,2019-08-06 22:23
665,0,0,0,0,0,2019-08-06 22:24
666,0,0,4,0,0,2019-08-06 22:25
667,0,0,2,0,0,2019-08-06 22:26
668,1,0,1,0,0,2019-08-06 22:27
669,0,0,1,0,0,2019-08-06 22:28
670,0,0,0,0,0,2019-08-06 22:29
671,0,0,1,0,0,2019-08-06 22:30
672,0,0,1,0,0,2019-08-06 22:31
673,0,0,0,0,0,2019-08-06 22:32
674,0,0,0,0,0,2019-08-06 22:33
675,0,0,0,0,0,2019-08-06 22:34
676,0,0,2,0,0,2019-08-06 22:35
677,0,0,2,0,0,2019-08-06 22:36
678,0,0,0,0,0,2019-08-06 22:37
679,0,0,2,0,0,2019-08-06 22:38
680,0,0,1,0,0,2019-08-06 22:39
681,0,0,3,0,0,2019-08-06 22:40
682,0,0,1,0,0,2019-08-06 22:41
683,0,0,1,0,0,2019-08-06 22:42
684,0,0,1,0,0,2019-08-06 22:43
685,0,0,0,0,0,2019-08-06 22:44
686,0,0,1,0,0,2019-08-06 22:45
687,0,0,1,0,1,2019-08-06 22:46
688,0,0,0,0,0,2019-08-06 22:47
689,0,0,2,0,0,2019-08-06 22:48
690,0,0,2,0,0,2019-08-06 22:49
691,0,0,1,0,0,2019-08-06 22:50
692,0,0,1,0,0,2019-08-06 22:51
693,0,0,3,0,0,2019-08-06 22:52
694,0,0,1,0,0,2019-08-06 22:53
695,0,0,0,0,0,2019-08-06 22:54
696,0,0,3,0,0,2019-08-06 22:55
697,0,0,1,0,0,2019-08-06 22:56
698,0,0,2,0,0,2019-08-06 22:57
699,0,0,1,0,0,2019-08-06 22:58
700,0,0,3,0,0,2019-08-06 22:59
701,0,0,5,0,0,2019-08-06 23:00
702,0,0,1,0,0,2019-08-06 23:01
703,0,0,1,0,0,2019-08-06 23:02
704,0,0,2,0,0,2019-08-06 23:03
705,0,0,3,0,0,2019-08-06 23:04
706,0,0,1,0,0,2019-08-06 23:05
707,1,0,1,0,0,2019-08-06 23:06
708,0,0,1,0,0,2019-08-06 23:07
709,0,0,1,0,0,2019-08-06 23:08
710,0,0,0,0,0,2019-08-06 23:09
711,0,0,2,0,0,2019-08-06 23:10
712,0,0,1,0,0,2019-08-06 23:11
713,0,0,0,0,0,2019-08-06 23:12
714,0,0,0,0,0,2019-08-06 23:13
715,0,0,2,0,0,2019-08-06 23:14
716,0,0,0,0,0,2019-08-06 23:15
717,0,0,0,0,0,2019-08-06 23:16
718,0,0,1,0,0,2019-08-06 23:17
719,0,0,1,0,0,2019-08-06 23:18
720,0,0,1,0,0,2019-08-06 23:19
721,0,0,1,0,0,2019-08-06 23:20
722,0,1,0,0,0,2019-08-06 23:21
723,0,0,0,0,0,2019-08-06 23:22
724,1,0,2,0,0,2019-08-06 23:23
725,0,0,2,0,0,2019-08-06 23:24
726,1,1,1,0,0,2019-08-06 23:25
727,0,0,3,0,0,2019-08-06 23:26
728,2,0,1,0,0,2019-08-06 23:27
729,0,0,1,0,0,2019-08-06 23:28
730,0,0,3,0,0,2019-08-06 23:29
731,0,0,1,0,0,2019-08-06 23:30
732,0,0,0,0,0,2019-08-06 23:31
733,0,0,3,0,0,2019-08-06 23:32
734,0,0,0,0,0,2019-08-06 23:33
735,0,0,2,0,0,2019-08-06 23:34
736,0,0,1,0,0,2019-08-06 23:35
737,0,0,3,0,0,2019-08-06 23:36
738,0,0,2,0,0,2019-08-06 23:37
739,0,0,0,0,0,2019-08-06 23:38
740,0,0,0,0,0,2019-08-06 23:39
741,1,0,4,0,0,2019-08-06 23:40
742,0,0,2,0,0,2019-08-06 23:41
743,0,0,2,0,0,2019-08-06 23:42
744,0,0,3,0,0,2019-08-06 23:43
745,0,0,0,0,0,2019-08-06 23:44
746,0,0,0,0,0,2019-08-06 23:45
747,0,0,2,0,0,2019-08-06 23:46
748,0,0,0,0,0,2019-08-06 23:47
749,0,0,0,0,0,2019-08-06 23:48
750,0,0,0,0,0,2019-08-06 23:49
751,0,0,0,0,0,2019-08-06 23:50
752,0,0,1,0,0,2019-08-06 23:51
753,1,0,1,0,0,2019-08-06 23:52
754,1,0,2,0,0,2019-08-06 23:53
755,0,0,0,0,0,2019-08-06 23:54
756,0,0,2,0,0,2019-08-06 23:55
757,0,0,0,0,0,2019-08-06 23:56
758,0,0,0,0,0,2019-08-06 23:57
759,1,0,2,0,0,2019-08-06 23:58
760,0,0,0,0,0,2019-08-06 23:59
761,0,0,2,0,0,2019-08-07 0:00
762,0,0,2,0,0,2019-08-07 0:01
763,0,0,0,0,0,2019-08-07 0:02
764,0,0,2,0,0,2019-08-07 0:03
765,0,0,2,0,0,2019-08-07 0:04
766,1,0,0,0,0,2019-08-07 0:05
767,0,0,2,0,0,2019-08-07 0:06
768,0,0,3,0,0,2019-08-07 0:07
769,0,0,1,0,0,2019-08-07 0:08
770,0,0,0,0,0,2019-08-07 0:09
771,0,0,0,0,0,2019-08-07 0:10
772,0,0,2,0,0,2019-08-07 0:11
773,0,0,0,0,0,2019-08-07 0:12
774,1,0,1,0,0,2019-08-07 0:13
775,1,1,1,0,0,2019-08-07 0:14
776,1,0,1,0,0,2019-08-07 0:15
777,0,0,2,0,0,2019-08-07 0:16
778,0,0,2,0,0,2019-08-07 0:17
779,0,0,1,0,0,2019-08-07 0:18
780,0,0,3,0,0,2019-08-07 0:19
781,0,0,3,0,0,2019-08-07 0:20
782,0,0,0,0,0,2019-08-07 0:21
783,0,0,1,0,0,2019-08-07 0:22
784,0,0,1,0,0,2019-08-07 0:23
785,0,0,0,0,0,2019-08-07 0:24
786,0,0,1,0,0,2019-08-07 0:25
787,0,0,1,0,0,2019-08-07 0:26
788,0,0,0,0,0,2019-08-07 0:27
789,0,0,1,0,0,2019-08-07 0:28
790,0,0,0,0,0,2019-08-07 0:29
791,0,0,1,0,0,2019-08-07 0:30
792,0,0,0,0,0,2019-08-07 0:31
793,0,0,0,0,0,2019-08-07 0:32
794,0,0,2,0,0,2019-08-07 0:33
795,1,0,1,0,0,2019-08-07 0:34
796,1,0,0,0,0,2019-08-07 0:35
797,0,0,0,0,0,2019-08-07 0:36
798,0,0,2,0,0,2019-08-07 0:37
799,0,0,2,0,0,2019-08-07 0:38
800,0,0,1,0,0,2019-08-07 0:39
801,1,0,0,0,0,2019-08-07 0:40
802,0,0,3,0,0,2019-08-07 0:41
803,0,0,0,0,0,2019-08-07 0:42
804,0,0,1,0,0,2019-08-07 0:43
805,1,0,1,0,0,2019-08-07 0:44
806,0,0,4,0,0,2019-08-07 0:45
807,1,0,3,0,0,2019-08-07 0:46
808,0,0,0,0,1,2019-08-07 0:47
809,0,0,1,0,0,2019-08-07 0:48
810,0,0,2,0,0,2019-08-07 0:49
811,0,0,2,0,0,2019-08-07 0:50
812,0,0,1,0,0,2019-08-07 0:51
813,0,0,1,0,0,2019-08-07 0:52
814,0,0,2,0,0,2019-08-07 0:53
815,0,0,2,0,0,2019-08-07 0:54
816,0,0,2,0,0,2019-08-07 0:55
817,0,0,2,0,0,2019-08-07 0:56
818,0,0,3,0,0,2019-08-07 0:57
819,0,0,1,0,0,2019-08-07 0:58
820,0,0,1,0,0,2019-08-07 0:59
821,0,0,3,0,0,2019-08-07 1:00
822,0,0,1,0,0,2019-08-07 1:01
823,0,0,0,0,0,2019-08-07 1:02
824,0,0,1,0,0,2019-08-07 1:03
825,0,0,3,0,0,2019-08-07 1:04
826,0,0,2,0,0,2019-08-07 1:05
827,0,0,2,0,0,2019-08-07 1:06
828,0,0,2,0,0,2019-08-07 1:07
829,0,0,0,0,0,2019-08-07 1:08
830,0,0,2,0,0,2019-08-07 1:09
831,0,0,2,0,0,2019-08-07 1:10
832,0,0,2,0,0,2019-08-07 1:11
833,0,0,2,0,0,2019-08-07 1:12
834,0,0,3,0,0,2019-08-07 1:13
835,0,0,0,0,0,2019-08-07 1:14
836,0,0,1,0,0,2019-08-07 1:15
837,0,0,2,0,0,2019-08-07 1:16
838,0,0,1,0,0,2019-08-07 1:17
839,1,0,2,0,0,2019-08-07 1:18
840,0,0,3,0,0,2019-08-07 1:19
841,0,0,0,0,0,2019-08-07 1:20
842,0,0,0,0,0,2019-08-07 1:21
843,0,0,2,0,0,2019-08-07 1:22
844,0,0,1,0,0,2019-08-07 1:23
845,0,0,0,0,0,2019-08-07 1:24
846,0,0,3,0,0,2019-08-07 1:25
847,0,0,0,0,0,2019-08-07 1:26
848,0,0,1,0,0,2019-08-07 1:28
849,0,0,0,0,0,2019-08-07 1:29
850,0,0,2,0,0,2019-08-07 1:30
851,0,0,0,0,0,2019-08-07 1:31
852,0,0,3,0,0,2019-08-07 1:32
853,0,0,0,0,0,2019-08-07 1:33
854,0,0,1,0,0,2019-08-07 1:34
855,0,0,3,0,0,2019-08-07 1:35
856,0,0,2,0,0,2019-08-07 1:36
857,0,0,1,0,0,2019-08-07 1:37
858,0,0,1,0,0,2019-08-07 1:38
859,0,0,3,0,0,2019-08-07 1:39
860,0,0,1,0,0,2019-08-07 1:40
861,0,0,2,0,0,2019-08-07 1:41
862,0,0,2,0,0,2019-08-07 1:42
863,0,0,3,0,0,2019-08-07 1:43
864,0,0,1,0,0,2019-08-07 1:44
865,0,0,2,0,0,2019-08-07 1:45
866,0,0,3,0,0,2019-08-07 1:46
867,0,0,2,0,0,2019-08-07 1:47
868,0,0,1,0,0,2019-08-07 1:48
869,0,0,2,0,0,2019-08-07 1:49
870,0,0,2,0,0,2019-08-07 1:50
871,0,0,1,0,0,2019-08-07 1:51
872,0,0,2,0,0,2019-08-07 1:52
873,0,0,2,0,0,2019-08-07 1:53
874,0,0,2,0,0,2019-08-07 1:54
875,0,0,2,0,0,2019-08-07 1:55
876,0,0,2,0,0,2019-08-07 1:56
877,1,0,0,0,0,2019-08-07 1:57
878,0,0,2,0,0,2019-08-07 1:58
879,0,0,3,0,0,2019-08-07 1:59
880,0,0,1,0,0,2019-08-07 2:00
881,0,0,1,0,0,2019-08-07 2:01
882,0,0,2,0,0,2019-08-07 2:02
883,0,0,2,0,0,2019-08-07 2:03
884,0,0,1,0,0,2019-08-07 2:04
885,0,0,2,0,0,2019-08-07 2:05
886,0,0,1,0,0,2019-08-07 2:06
887,0,0,1,0,0,2019-08-07 2:07
888,0,0,0,0,0,2019-08-07 2:08
889,0,0,2,0,0,2019-08-07 2:09
890,0,0,1,0,0,2019-08-07 2:10
891,0,0,1,0,0,2019-08-07 2:11
892,0,0,1,0,0,2019-08-07 2:12
893,0,0,2,0,0,2019-08-07 2:13
894,0,0,1,0,0,2019-08-07 2:14
895,0,0,2,0,0,2019-08-07 2:15
896,0,0,1,0,0,2019-08-07 2:16
897,0,0,1,0,0,2019-08-07 2:17
898,0,0,1,0,0,2019-08-07 2:18
899,0,0,0,0,0,2019-08-07 2:19
900,1,0,1,0,0,2019-08-07 2:20
901,0,0,0,0,0,2019-08-07 2:21
902,0,0,0,0,0,2019-08-07 2:22
903,0,0,1,0,0,2019-08-07 2:23
904,0,0,0,0,0,2019-08-07 2:24
905,0,0,0,0,0,2019-08-07 2:25
906,0,0,3,0,0,2019-08-07 2:26
907,0,0,0,0,0,2019-08-07 2:27
908,0,0,0,0,0,2019-08-07 2:28
909,0,0,1,0,0,2019-08-07 2:29
910,0,0,1,0,0,2019-08-07 2:30
911,0,0,2,0,0,2019-08-07 2:31
912,0,0,2,0,0,2019-08-07 2:32
913,0,0,1,0,0,2019-08-07 2:33
914,0,0,2,0,0,2019-08-07 2:34
915,0,0,1,0,0,2019-08-07 2:35
916,0,0,1,0,0,2019-08-07 2:36
917,0,0,0,0,0,2019-08-07 2:37
918,0,0,0,0,0,2019-08-07 2:38
919,0,0,0,0,0,2019-08-07 2:39
920,0,0,0,0,0,2019-08-07 2:40
921,0,0,1,0,0,2019-08-07 2:41
922,0,0,0,0,0,2019-08-07 2:42
923,0,0,0,0,0,2019-08-07 2:43
924,0,0,0,0,0,2019-08-07 2:44
925,0,0,1,0,0,2019-08-07 2:45
926,0,0,1,0,0,2019-08-07 2:46
927,0,0,1,0,0,2019-08-07 2:47
928,0,0,0,0,0,2019-08-07 2:48
929,0,0,0,0,0,2019-08-07 2:49
930,0,0,1,0,0,2019-08-07 2:50
931,0,0,2,0,0,2019-08-07 2:51
932,0,0,0,0,0,2019-08-07 2:52
933,0,0,0,0,0,2019-08-07 2:53
934,0,0,0,0,0,2019-08-07 2:54
935,0,0,0,0,0,2019-08-07 2:55
936,0,0,0,0,0,2019-08-07 2:56
937,0,0,0,0,0,2019-08-07 2:57
938,0,0,0,0,0,2019-08-07 2:58
939,0,0,1,0,0,2019-08-07 2:59
940,0,0,0,0,0,2019-08-07 3:00
941,0,0,1,0,0,2019-08-07 3:01
942,0,0,1,0,0,2019-08-07 3:02
943,0,0,2,0,0,2019-08-07 3:03
944,0,0,0,0,0,2019-08-07 3:04
945,0,0,0,0,0,2019-08-07 3:05
946,0,0,0,0,0,2019-08-07 3:06
947,0,0,0,0,0,2019-08-07 3:07
948,0,0,0,0,0,2019-08-07 3:08
949,0,0,0,0,0,2019-08-07 3:09
950,0,0,0,0,0,2019-08-07 3:10
951,0,0,0,0,0,2019-08-07 3:11
952,0,0,0,0,0,2019-08-07 3:12
953,0,0,0,0,0,2019-08-07 3:13
954,0,0,0,0,0,2019-08-07 3:14
955,0,0,0,0,0,2019-08-07 3:15
956,0,0,1,0,0,2019-08-07 3:16
957,0,0,0,0,0,2019-08-07 3:17
958,0,0,0,0,0,2019-08-07 3:18
959,0,0,0,0,0,2019-08-07 3:19
960,0,0,2,0,0,2019-08-07 3:20
961,0,0,0,0,0,2019-08-07 3:21
962,0,0,0,0,0,2019-08-07 3:22
963,1,0,0,0,0,2019-08-07 3:23
964,0,0,0,0,0,2019-08-07 3:24
965,0,0,0,0,0,2019-08-07 3:25
966,0,0,0,0,0,2019-08-07 3:26
967,1,0,0,0,0,2019-08-07 3:27
968,0,0,0,0,0,2019-08-07 3:28
969,0,0,0,0,0,2019-08-07 3:29
970,0,0,3,0,0,2019-08-07 3:30
971,0,0,1,0,0,2019-08-07 3:31
972,0,0,0,0,0,2019-08-07 3:32
973,0,0,0,0,0,2019-08-07 3:33
974,0,0,2,0,0,2019-08-07 3:34
975,0,0,0,0,0,2019-08-07 3:35
976,0,0,1,0,0,2019-08-07 3:36
977,0,0,0,0,0,2019-08-07 3:37
978,0,0,0,0,0,2019-08-07 3:38
979,0,0,0,0,0,2019-08-07 3:39
980,0,0,1,0,0,2019-08-07 3:40
981,0,0,0,0,0,2019-08-07 3:41
982,0,0,0,0,0,2019-08-07 3:42
983,0,0,0,0,0,2019-08-07 3:43
984,0,0,1,0,0,2019-08-07 3:44
985,0,0,0,0,0,2019-08-07 3:45
986,0,0,1,0,0,2019-08-07 3:46
987,0,0,0,0,0,2019-08-07 3:47
988,0,0,0,0,0,2019-08-07 3:48
989,0,0,0,0,0,2019-08-07 3:49
990,0,0,0,0,0,2019-08-07 3:50
991,0,0,0,0,0,2019-08-07 3:51
992,0,0,0,0,0,2019-08-07 3:52
993,0,0,0,0,0,2019-08-07 3:53
994,0,0,0,0,0,2019-08-07 3:54
995,0,0,0,0,0,2019-08-07 3:55
996,0,0,0,0,0,2019-08-07 3:56
997,0,0,0,0,0,2019-08-07 3:57
998,0,0,0,0,0,2019-08-07 3:58
999,0,0,2,0,0,2019-08-07 3:59
1000,0,0,0,0,0,2019-08-07 4:00
1001,0,0,1,0,0,2019-08-07 4:01
1002,0,0,0,0,0,2019-08-07 4:02
1003,0,0,1,0,0,2019-08-07 4:03
1004,0,0,0,0,0,2019-08-07 4:04
1005,0,0,2,0,0,2019-08-07 4:05
1006,0,0,1,0,0,2019-08-07 4:06
1007,0,0,0,0,0,2019-08-07 4:07
1008,0,0,1,0,0,2019-08-07 4:08
1009,0,0,1,0,0,2019-08-07 4:09
1010,0,0,0,0,0,2019-08-07 4:10
1011,0,0,0,0,0,2019-08-07 4:11
1012,0,0,0,0,0,2019-08-07 4:12
1013,0,0,1,0,0,2019-08-07 4:13
1014,0,0,0,0,0,2019-08-07 4:14
1015,0,0,0,0,0,2019-08-07 4:15
1016,0,0,0,0,0,2019-08-07 4:16
1017,0,0,0,0,0,2019-08-07 4:17
1018,0,0,0,0,0,2019-08-07 4:18
1019,0,0,0,0,0,2019-08-07 4:19
1020,0,0,0,0,0,2019-08-07 4:20
1021,0,0,0,0,0,2019-08-07 4:21
1022,0,0,0,0,0,2019-08-07 4:22
1023,0,0,0,0,0,2019-08-07 4:23
1024,0,0,0,0,0,2019-08-07 4:24
1025,0,0,0,0,0,2019-08-07 4:25
1026,0,0,0,0,0,2019-08-07 4:26
1027,0,0,0,0,0,2019-08-07 4:27
1028,0,0,0,0,0,2019-08-07 4:28
1029,0,0,1,0,0,2019-08-07 4:29
1030,0,0,0,0,0,2019-08-07 4:30
1031,0,0,0,0,0,2019-08-07 4:31
1032,0,0,0,0,0,2019-08-07 4:32
1033,0,0,1,0,0,2019-08-07 4:33
1034,0,0,0,0,0,2019-08-07 4:34
1035,0,0,0,0,0,2019-08-07 4:35
1036,0,0,0,0,0,2019-08-07 4:36
1037,0,0,0,0,0,2019-08-07 4:37
1038,0,0,0,0,0,2019-08-07 4:38
1039,0,0,1,0,0,2019-08-07 4:39
1040,0,0,0,0,0,2019-08-07 4:40
1041,0,0,0,0,0,2019-08-07 4:41
1042,0,0,1,0,0,2019-08-07 4:42
1043,0,0,0,0,0,2019-08-07 4:43
1044,0,0,1,0,0,2019-08-07 4:44
1045,0,0,0,0,0,2019-08-07 4:45
1046,0,0,0,0,0,2019-08-07 4:46
1047,0,0,0,0,0,2019-08-07 4:47
1048,0,0,0,0,0,2019-08-07 4:48
1049,0,0,0,0,0,2019-08-07 4:49
1050,0,0,0,0,0,2019-08-07 4:50
1051,0,0,0,0,0,2019-08-07 4:51
1052,0,0,0,0,0,2019-08-07 4:52
1053,0,0,0,0,0,2019-08-07 4:53
1054,0,0,0,0,0,2019-08-07 4:54
1055,0,0,0,0,0,2019-08-07 4:55
1056,0,0,0,0,0,2019-08-07 4:56
1057,0,0,0,0,0,2019-08-07 4:57
1058,0,0,0,0,0,2019-08-07 4:58
1059,0,0,0,0,0,2019-08-07 4:59
1060,0,0,0,0,0,2019-08-07 5:00
1061,0,0,0,0,0,2019-08-07 5:01
1062,1,0,0,0,0,2019-08-07 5:02
1063,0,0,0,0,0,2019-08-07 5:03
1064,0,0,0,0,0,2019-08-07 5:04
1065,0,0,0,0,0,2019-08-07 5:05
1066,0,0,0,0,0,2019-08-07 5:06
1067,0,0,1,0,0,2019-08-07 5:07
1068,0,0,0,0,0,2019-08-07 5:08
1069,1,0,0,0,0,2019-08-07 5:09
1070,0,0,0,0,0,2019-08-07 5:10
1071,0,0,0,0,0,2019-08-07 5:11
1072,0,0,0,0,0,2019-08-07 5:12
1073,0,0,0,0,0,2019-08-07 5:13
1074,0,0,0,0,0,2019-08-07 5:14
1075,0,0,0,0,0,2019-08-07 5:15
1076,0,0,0,0,0,2019-08-07 5:16
1077,0,0,1,0,0,2019-08-07 5:17
1078,0,0,1,0,0,2019-08-07 5:18
1079,0,0,1,0,0,2019-08-07 5:19
1080,1,0,1,1,0,2019-08-07 5:20
1081,0,0,1,0,0,2019-08-07 5:21
1082,0,0,0,0,0,2019-08-07 5:22
1083,0,0,0,0,0,2019-08-07 5:23
1084,0,0,0,0,0,2019-08-07 5:24
1085,0,0,1,0,0,2019-08-07 5:25
1086,0,0,0,0,0,2019-08-07 5:26
1087,0,0,0,0,0,2019-08-07 5:27
1088,0,0,0,0,0,2019-08-07 5:28
1089,0,0,0,1,0,2019-08-07 5:29
1090,0,0,0,0,0,2019-08-07 5:30
1091,0,0,0,0,0,2019-08-07 5:31
1092,0,0,0,0,0,2019-08-07 5:32
1093,1,0,0,0,0,2019-08-07 5:33
1094,0,0,0,0,0,2019-08-07 5:34
1095,0,0,0,0,0,2019-08-07 5:35
1096,0,0,0,0,0,2019-08-07 5:36
1097,0,0,0,0,0,2019-08-07 5:37
1098,0,0,0,0,0,2019-08-07 5:38
1099,0,0,3,0,0,2019-08-07 5:39
1100,0,0,0,0,0,2019-08-07 5:40
1101,0,0,0,0,0,2019-08-07 5:41
1102,0,0,0,0,0,2019-08-07 5:42
1103,0,0,0,1,0,2019-08-07 5:43
1104,0,0,0,1,0,2019-08-07 5:44
1105,1,0,0,0,0,2019-08-07 5:45
1106,0,0,0,1,0,2019-08-07 5:46
1107,0,0,0,0,0,2019-08-07 5:47
1108,0,0,1,0,0,2019-08-07 5:48
1109,0,0,0,1,0,2019-08-07 5:49
1110,1,0,0,0,0,2019-08-07 5:50
1111,0,0,1,0,0,2019-08-07 5:51
1112,1,0,1,1,0,2019-08-07 5:52
1113,2,0,0,1,0,2019-08-07 5:53
1114,0,0,0,0,0,2019-08-07 5:54
1115,0,0,0,1,0,2019-08-07 5:55
1116,0,0,1,1,0,2019-08-07 5:56
1117,0,0,0,0,0,2019-08-07 5:57
1118,1,0,0,1,0,2019-08-07 5:58
1119,0,0,0,0,0,2019-08-07 5:59
1120,0,0,1,0,0,2019-08-07 6:01
1121,1,0,0,1,0,2019-08-07 6:02
1122,0,0,0,0,0,2019-08-07 6:03
1123,0,0,0,0,0,2019-08-07 6:04
1124,1,0,0,1,0,2019-08-07 6:05
1125,0,0,0,0,0,2019-08-07 6:06
1126,0,0,2,0,0,2019-08-07 6:07
1127,0,0,0,1,0,2019-08-07 6:08
1128,0,0,0,0,0,2019-08-07 6:09
1129,0,0,2,0,0,2019-08-07 6:10
1130,0,0,0,0,0,2019-08-07 6:11
1131,0,0,2,0,0,2019-08-07 6:12
1132,0,0,2,0,0,2019-08-07 6:13
1133,0,0,0,0,0,2019-08-07 6:14
1134,0,0,1,0,0,2019-08-07 6:15
1135,0,0,0,0,0,2019-08-07 6:16
1136,0,0,0,0,0,2019-08-07 6:17
1137,0,0,0,0,0,2019-08-07 6:18
1138,0,0,1,0,0,2019-08-07 6:19
1139,0,0,0,0,0,2019-08-07 6:20
1140,0,0,2,0,0,2019-08-07 6:21
1141,0,0,1,0,0,2019-08-07 6:22
1142,0,0,0,0,0,2019-08-07 6:23
1143,0,0,3,0,0,2019-08-07 6:24
1144,0,0,1,0,0,2019-08-07 6:25
1145,0,0,0,0,0,2019-08-07 6:26
1146,0,0,1,0,0,2019-08-07 6:27
1147,0,0,0,0,0,2019-08-07 6:28
1148,0,0,0,0,0,2019-08-07 6:29
1149,0,0,1,0,0,2019-08-07 6:30
1150,0,0,0,0,0,2019-08-07 6:31
1151,2,0,0,0,0,2019-08-07 6:32
1152,0,0,2,0,0,2019-08-07 6:33
1153,0,0,0,0,0,2019-08-07 6:34
1154,1,0,2,0,0,2019-08-07 6:35
1155,0,0,2,0,0,2019-08-07 6:36
1156,0,0,0,0,0,2019-08-07 6:37
1157,0,0,0,0,0,2019-08-07 6:38
1158,0,0,1,0,0,2019-08-07 6:39
1159,1,0,0,0,0,2019-08-07 6:40
1160,1,0,1,0,0,2019-08-07 6:41
1161,0,0,1,0,0,2019-08-07 6:42
1162,0,0,1,0,0,2019-08-07 6:43
1163,0,0,1,0,0,2019-08-07 6:44
1164,0,0,0,0,0,2019-08-07 6:45
1165,0,0,0,0,0,2019-08-07 6:46
1166,0,0,1,0,0,2019-08-07 6:47
1167,0,0,0,0,0,2019-08-07 6:48
1168,0,0,1,0,0,2019-08-07 6:49
1169,0,0,4,0,0,2019-08-07 6:50
1170,0,0,3,0,0,2019-08-07 6:51
1171,0,0,0,0,0,2019-08-07 6:52
1172,0,0,1,0,0,2019-08-07 6:53
1173,0,0,1,0,0,2019-08-07 6:54
1174,0,0,1,0,0,2019-08-07 6:55
1175,0,0,1,0,0,2019-08-07 6:56
1176,2,0,1,0,0,2019-08-07 6:57
1177,0,0,0,0,0,2019-08-07 6:58
1178,2,0,4,0,0,2019-08-07 6:59
1179,2,0,4,0,0,2019-08-07 7:00
1180,0,0,0,0,0,2019-08-07 7:01
1181,0,0,1,0,0,2019-08-07 7:02
1182,0,0,1,0,0,2019-08-07 7:03
1183,0,0,0,0,0,2019-08-07 7:04
1184,0,0,0,0,0,2019-08-07 7:05
1185,0,0,3,0,0,2019-08-07 7:06
1186,0,0,0,0,0,2019-08-07 7:07
1187,1,0,5,0,0,2019-08-07 7:08
1188,0,0,3,0,0,2019-08-07 7:09
1189,0,0,0,0,0,2019-08-07 7:10
1190,0,0,0,0,0,2019-08-07 7:11
1191,0,0,0,0,0,2019-08-07 7:12
1192,1,0,0,0,0,2019-08-07 7:13
1193,2,0,0,0,0,2019-08-07 7:14
1194,0,0,1,0,0,2019-08-07 7:15
1195,0,0,2,0,1,2019-08-07 7:16
1196,0,0,0,0,0,2019-08-07 7:17
1197,0,0,1,0,0,2019-08-07 7:18
1198,0,0,3,0,0,2019-08-07 7:19
1199,0,0,2,0,0,2019-08-07 7:20
1200,0,0,2,0,0,2019-08-07 7:21
1201,0,0,0,0,0,2019-08-07 7:22
1202,1,0,2,0,0,2019-08-07 7:23
1203,0,0,1,0,0,2019-08-07 7:24
1204,0,0,0,0,0,2019-08-07 7:25
1205,0,0,3,0,0,2019-08-07 7:26
1206,0,0,4,0,0,2019-08-07 7:27
1207,0,0,1,0,0,2019-08-07 7:28
1208,0,0,1,0,0,2019-08-07 7:29
1209,0,0,2,0,0,2019-08-07 7:30
1210,0,0,4,0,0,2019-08-07 7:31
1211,0,0,0,0,0,2019-08-07 7:32
1212,0,0,0,0,0,2019-08-07 7:33
1213,0,0,0,0,0,2019-08-07 7:34
1214,0,0,2,0,0,2019-08-07 7:35
1215,2,0,1,0,0,2019-08-07 7:36
1216,0,0,0,0,0,2019-08-07 7:37
1217,0,0,2,0,0,2019-08-07 7:38
1218,1,0,2,0,0,2019-08-07 7:39
1219,0,0,0,0,0,2019-08-07 7:40
1220,0,0,3,0,0,2019-08-07 7:41
1221,0,0,4,0,0,2019-08-07 7:42
1222,0,0,3,0,0,2019-08-07 7:43
1223,0,0,3,0,0,2019-08-07 7:44
1224,0,0,1,0,0,2019-08-07 7:45
1225,0,0,1,0,0,2019-08-07 7:46
1226,0,0,6,0,0,2019-08-07 7:47
1227,0,0,0,0,0,2019-08-07 7:48
1228,0,0,0,0,0,2019-08-07 7:49
1229,0,0,4,0,0,2019-08-07 7:50
1230,3,0,1,0,0,2019-08-07 7:51
1231,0,0,1,0,0,2019-08-07 7:52
1232,1,0,3,0,0,2019-08-07 7:53
1233,1,0,1,0,0,2019-08-07 7:54
1234,0,0,4,0,0,2019-08-07 7:55
1235,0,0,0,0,0,2019-08-07 7:56
1236,0,0,1,0,0,2019-08-07 7:57
1237,0,0,2,0,0,2019-08-07 7:58
1238,0,0,0,0,0,2019-08-07 7:59
1239,0,0,0,0,0,2019-08-07 8:00
1240,0,0,1,0,0,2019-08-07 8:01
1241,0,0,0,0,0,2019-08-07 8:02
1242,1,0,0,0,0,2019-08-07 8:03
1243,1,0,1,0,0,2019-08-07 8:04
1244,0,0,0,0,0,2019-08-07 8:05
1245,0,0,0,0,0,2019-08-07 8:06
1246,0,0,1,0,0,2019-08-07 8:07
1247,0,0,0,0,0,2019-08-07 8:08
1248,0,0,0,0,0,2019-08-07 8:09
1249,0,0,2,0,0,2019-08-07 8:10
1250,0,0,0,0,0,2019-08-07 8:11
1251,0,0,1,0,0,2019-08-07 8:12
1252,0,0,2,0,0,2019-08-07 8:13
1253,0,0,0,0,0,2019-08-07 8:14
1254,0,0,3,0,0,2019-08-07 8:15
1255,1,0,3,0,0,2019-08-07 8:16
1256,0,0,4,0,0,2019-08-07 8:17
1257,0,0,5,0,0,2019-08-07 8:18
1258,1,0,1,0,0,2019-08-07 8:19
1259,0,0,1,0,0,2019-08-07 8:20
1260,0,0,6,0,0,2019-08-07 8:21
1261,0,0,3,0,0,2019-08-07 8:22
1262,1,0,6,0,0,2019-08-07 8:23
1263,2,0,1,0,0,2019-08-07 8:24
1264,0,0,0,0,0,2019-08-07 8:25
1265,0,0,5,0,0,2019-08-07 8:26
1266,0,0,0,0,0,2019-08-07 8:27
1267,3,0,2,0,0,2019-08-07 8:28
1268,0,0,2,0,0,2019-08-07 8:29
1269,2,0,0,0,0,2019-08-07 8:30
1270,0,0,1,0,0,2019-08-07 8:31
1271,0,0,3,0,0,2019-08-07 8:32
1272,0,0,6,0,0,2019-08-07 8:33
1273,1,0,0,0,0,2019-08-07 8:34
1274,0,0,4,0,0,2019-08-07 8:35
1275,0,0,5,0,0,2019-08-07 8:36
1276,0,0,4,0,0,2019-08-07 8:37
1277,0,0,3,0,0,2019-08-07 8:38
1278,0,0,1,0,0,2019-08-07 8:39
1279,1,0,1,0,0,2019-08-07 8:40
1280,0,0,4,0,0,2019-08-07 8:41
1281,1,0,3,0,0,2019-08-07 8:42
1282,0,0,2,0,0,2019-08-07 8:43
1283,0,0,1,0,0,2019-08-07 8:44
1284,0,0,0,0,0,2019-08-07 8:45
1285,1,0,1,0,0,2019-08-07 8:46
1286,0,0,0,0,0,2019-08-07 8:47
1287,0,0,0,0,0,2019-08-07 8:48
1288,0,0,3,0,0,2019-08-07 8:49
1289,0,0,4,0,0,2019-08-07 8:50
1290,0,0,1,0,0,2019-08-07 8:51
1291,1,1,0,0,0,2019-08-07 8:52
1292,1,0,4,0,0,2019-08-07 8:53
1293,6,1,0,0,0,2019-08-07 8:54
1294,1,0,0,0,1,2019-08-07 8:55
1295,0,0,2,0,0,2019-08-07 8:56
1296,1,0,1,0,0,2019-08-07 8:57
1297,2,0,2,0,0,2019-08-07 8:58
1298,0,0,3,0,0,2019-08-07 8:59
1299,1,0,1,0,0,2019-08-07 9:00
1300,0,0,0,0,0,2019-08-07 9:01
1301,1,0,1,0,0,2019-08-07 9:02
1302,2,0,0,0,0,2019-08-07 9:03
1303,1,1,1,0,0,2019-08-07 9:04
1304,0,0,1,1,0,2019-08-07 9:05
1305,1,0,0,0,0,2019-08-07 9:06
1306,0,0,0,0,0,2019-08-07 9:07
1307,0,0,0,0,0,2019-08-07 9:08
1308,0,0,0,0,0,2019-08-07 9:09
1309,0,0,0,0,0,2019-08-07 9:10
1310,0,0,0,0,0,2019-08-07 9:11
1311,0,0,0,0,0,2019-08-07 9:12
1312,1,0,0,0,0,2019-08-07 9:13
1313,0,0,0,0,0,2019-08-07 9:14
1314,4,0,0,0,0,2019-08-07 9:15
1315,0,0,0,0,0,2019-08-07 9:16
1316,0,0,2,0,0,2019-08-07 9:17
1317,0,0,4,0,0,2019-08-07 9:18
1318,0,0,1,0,0,2019-08-07 9:19
1319,0,0,3,0,1,2019-08-07 9:20
1320,0,0,4,0,0,2019-08-07 9:21
1321,0,0,0,0,0,2019-08-07 9:22
1322,1,0,0,0,0,2019-08-07 9:23
1323,0,0,3,0,0,2019-08-07 9:24
1324,1,0,0,0,0,2019-08-07 9:25
1325,0,0,1,0,0,2019-08-07 9:26
1326,0,0,0,0,0,2019-08-07 9:27
1327,0,0,3,0,0,2019-08-07 9:28
1328,0,0,1,0,0,2019-08-07 9:29
1329,0,0,0,0,0,2019-08-07 9:30
1330,0,0,0,0,0,2019-08-07 9:31
1331,0,0,1,0,0,2019-08-07 9:32
1332,1,0,4,0,0,2019-08-07 9:33
1333,0,0,0,0,0,2019-08-07 9:34
1334,1,0,1,0,0,2019-08-07 9:35
1335,0,0,0,0,0,2019-08-07 9:36
1336,1,0,0,0,0,2019-08-07 9:37
1337,0,0,1,0,0,2019-08-07 9:38
1338,1,0,0,0,0,2019-08-07 9:39
1339,0,0,1,0,0,2019-08-07 9:40
1340,0,0,3,0,0,2019-08-07 9:41
1341,0,0,0,0,0,2019-08-07 9:42
1342,0,0,0,0,0,2019-08-07 9:43
1343,0,0,3,0,0,2019-08-07 9:44
1344,0,0,4,0,0,2019-08-07 9:45
1345,0,0,2,0,0,2019-08-07 9:46
1346,0,0,0,0,0,2019-08-07 9:47
1347,0,0,1,0,0,2019-08-07 9:48
1348,0,0,4,0,0,2019-08-07 9:49
1349,0,0,0,0,0,2019-08-07 9:50
1350,0,0,2,0,0,2019-08-07 9:51
1351,1,0,1,0,0,2019-08-07 9:52
1352,0,0,4,0,0,2019-08-07 9:53
1353,5,0,0,0,0,2019-08-07 9:54
1354,0,0,0,0,0,2019-08-07 9:55
1355,1,0,4,0,0,2019-08-07 9:56
1356,0,0,3,0,0,2019-08-07 9:57
1357,2,0,0,0,0,2019-08-07 9:58
1358,0,0,1,0,0,2019-08-07 9:59
1359,0,0,4,0,0,2019-08-07 10:00
1360,0,0,0,0,0,2019-08-07 10:01
1361,0,0,0,0,0,2019-08-07 10:02
1362,0,0,4,0,1,2019-08-07 10:03
1363,0,0,3,0,0,2019-08-07 10:04
1364,3,0,2,0,0,2019-08-07 10:05
1365,0,0,5,0,0,2019-08-07 10:06
1366,0,0,0,0,0,2019-08-07 10:07
1367,0,0,0,0,0,2019-08-07 10:08
1368,2,0,0,0,0,2019-08-07 10:09
1369,0,0,1,0,0,2019-08-07 10:10
1370,1,0,0,0,0,2019-08-07 10:11
1371,0,0,4,0,0,2019-08-07 10:12
1372,0,0,1,0,0,2019-08-07 10:13
1373,0,0,4,0,0,2019-08-07 10:15
1374,0,0,4,0,0,2019-08-07 10:16
1375,0,0,1,0,0,2019-08-07 10:17
1376,0,0,3,0,0,2019-08-07 10:18
1377,0,0,0,0,0,2019-08-07 10:19
1378,0,0,0,0,0,2019-08-07 10:20
1379,0,0,0,0,0,2019-08-07 10:21
1380,0,0,0,0,0,2019-08-07 10:22
1381,1,0,0,0,0,2019-08-07 10:23
1382,0,0,0,0,0,2019-08-07 10:24
1383,0,0,3,0,0,2019-08-07 10:25
1384,0,0,2,0,0,2019-08-07 10:26
1385,0,0,0,0,0,2019-08-07 10:27
1386,0,0,5,0,0,2019-08-07 10:28
1387,0,0,0,0,0,2019-08-07 10:29
1388,0,0,2,0,0,2019-08-07 10:30
1389,0,0,0,0,0,2019-08-07 10:31
1390,1,0,0,0,1,2019-08-07 10:32
1391,0,0,0,0,0,2019-08-07 10:33
1392,0,0,0,0,0,2019-08-07 10:34
1393,1,0,2,0,0,2019-08-07 10:35
1394,0,0,4,0,0,2019-08-07 10:36
1395,0,0,1,0,0,2019-08-07 10:37
1396,0,0,4,0,0,2019-08-07 10:38
1397,0,0,3,0,0,2019-08-07 10:39
1398,0,0,1,0,0,2019-08-07 10:40
1399,0,0,3,0,0,2019-08-07 10:41
1400,2,0,0,0,1,2019-08-07 10:42
1401,0,0,0,0,0,2019-08-07 10:43
1402,0,0,0,0,0,2019-08-07 10:44
1403,0,0,2,0,0,2019-08-07 10:45
1404,0,0,1,0,0,2019-08-07 10:46
1405,1,0,1,0,0,2019-08-07 10:47
1406,0,0,2,0,0,2019-08-07 10:48
1407,0,0,0,0,0,2019-08-07 10:49
1408,1,0,0,0,0,2019-08-07 10:50
1409,0,0,4,0,0,2019-08-07 10:51
1410,0,0,4,0,0,2019-08-07 10:52
1411,0,0,2,0,0,2019-08-07 10:53
1412,0,0,2,0,0,2019-08-07 10:54
1413,0,0,5,0,0,2019-08-07 10:55
1414,1,0,0,0,0,2019-08-07 10:56
1415,1,0,0,0,0,2019-08-07 10:57
1416,2,0,0,0,0,2019-08-07 10:58
1417,0,0,4,0,0,2019-08-07 10:59
1418,0,0,3,0,0,2019-08-07 11:00
1419,0,0,4,0,0,2019-08-07 11:01
1420,0,0,2,0,0,2019-08-07 11:02
1421,0,0,4,0,0,2019-08-07 11:03
1422,0,0,2,0,0,2019-08-07 11:04
1423,1,0,1,0,0,2019-08-07 11:05
1424,0,0,1,0,0,2019-08-07 11:06
1425,0,0,1,0,0,2019-08-07 11:07
1426,1,0,0,0,0,2019-08-07 11:08
1427,0,0,3,0,0,2019-08-07 11:09
1428,1,0,0,0,0,2019-08-07 11:10
1429,0,0,1,0,0,2019-08-07 11:11
1430,1,0,3,0,0,2019-08-07 11:12
1431,0,0,6,0,0,2019-08-07 11:13
1432,0,0,6,0,0,2019-08-07 11:14
1433,0,0,4,0,0,2019-08-07 11:15
1434,0,0,1,0,0,2019-08-07 11:16
1435,0,0,1,0,0,2019-08-07 11:17
1436,0,0,6,0,0,2019-08-07 11:18
1437,0,0,3,0,0,2019-08-07 11:19
1438,0,0,5,0,0,2019-08-07 11:20
1439,0,0,5,0,0,2019-08-07 11:21
